{
    "text_block": {
        "all": {
            "Edit_dist": {
                "ALL_page_avg": 0.07967189977899902,
                "edit_whole": 0.07090840146139381,
                "edit_sample_avg": 0.07775917685690556
            }
        },
        "group": {
            "sample_count": {}
        },
        "page": {
            "Edit_dist": {
                "ALL": 0.07967189977899902,
                "None": 0.06719007144735613,
                "colorful_backgroud": 0.09765401230596696,
                "data_source: PPT2PDF": 0.08087215324584905,
                "data_source: academic_literature": 0.028814332197546855,
                "data_source: book": 0.07813526615862519,
                "data_source: colorful_textbook": 0.12566510729083155,
                "data_source: exam_paper": 0.10518917185527325,
                "data_source: historical_document": 0.15506291641400766,
                "data_source: magazine": 0.06725370238607004,
                "data_source: newspaper": 0.06398378031687302,
                "data_source: note": 0.0731245000595885,
                "data_source: research_report": 0.10163145544985042,
                "fuzzy_content": 0.07596215395192177,
                "fuzzy_scan": 0.15023028453841192,
                "geometric_deformation": 0.06140659666057497,
                "handwriting": 0.4740182681242807,
                "language: en_ch_mixed": 0.07531985045250135,
                "language: english": 0.057481887261186734,
                "language: other": 0.0891941391941392,
                "language: simplified_chinese": 0.1016636356807889,
                "language: traditional_chinese": 0.14892703046995756,
                "layout: 1andmore_column": 0.04279759556709943,
                "layout: double_column": 0.050919596051575616,
                "layout: other_layout": 0.10586433471664464,
                "layout: single_column": 0.08136490965059917,
                "layout: three_column": 0.07970305936851059,
                "subset: equation_hard": 0.08560658640477549,
                "subset: layout_hard": 0.12813253432789742,
                "subset: table_hard": 0.12463648928200263,
                "subset: v1.5": 0.07312017943448627,
                "text_L-shaped_wrap": 0.08313737395525836,
                "text_O-shaped_wrap": 0.3417085427135678,
                "text_embedded_in_image": 0.16738853503184714,
                "transparent_pages": 0.22511658218261482,
                "watermark": 0.10668492221010659,
                "with_watermark": 0.12552618949607822
            }
        }
    },
    "display_formula": {
        "all": {
            "Edit_dist": {
                "ALL_page_avg": 0.25586632372935303,
                "edit_whole": 0.3544770950064651,
                "edit_sample_avg": 0.24187711654156974
            }
        },
        "group": {
            "sample_count": {}
        },
        "page": {
            "Edit_dist": {
                "ALL": 0.25586632372935303,
                "None": 0.1781820688278064,
                "colorful_backgroud": 0.240814755215452,
                "data_source: PPT2PDF": 0.27670554936284253,
                "data_source: academic_literature": 0.3283344710007158,
                "data_source: book": 0.2762618001855051,
                "data_source: colorful_textbook": 0.27506580055242846,
                "data_source: exam_paper": 0.16238074919005507,
                "data_source: note": 0.28629079830073495,
                "fuzzy_content": 0.4980769230769231,
                "fuzzy_scan": 0.3906569163188493,
                "geometric_deformation": 0.19924584112215346,
                "handwriting": 0.2507579160116775,
                "language: en_ch_mixed": 0.351931330472103,
                "language: english": 0.25021495740809463,
                "language: simplified_chinese": 0.2690957519441015,
                "layout: 1andmore_column": 0.14280404301068436,
                "layout: double_column": 0.18279288590979026,
                "layout: other_layout": 0.31941078106676885,
                "layout: single_column": 0.29056833202447924,
                "layout: three_column": 0.03128626051792362,
                "subset: equation_hard": 0.40537806842892826,
                "subset: layout_hard": 0.2901687702351929,
                "subset: table_hard": 0.24205409974640743,
                "subset: v1.5": 0.1877892551649289,
                "text_L-shaped_wrap": 0.14043583535108958,
                "text_O-shaped_wrap": 0.43478260869565216,
                "watermark": 0.2594363013233124,
                "with_watermark": 0.3477491773211521
            }
        }
    },
    "table": {
        "all": {
            "TEDS": {
                "all": 0.8331331824622247
            },
            "TEDS_structure_only": {
                "all": 0.8763091018885466
            },
            "Edit_dist": {
                "ALL_page_avg": 0.5656062404679746,
                "edit_whole": 0.6270411784220262,
                "edit_sample_avg": 0.5678852748301453
            }
        },
        "group": {
            "sample_count": {}
        },
        "page": {
            "Edit_dist": {
                "ALL": 0.5656062404679746,
                "None": 0.5836847667984989,
                "colorful_backgroud": 0.5675659982212199,
                "data_source: PPT2PDF": 0.5186807211310865,
                "data_source: academic_literature": 0.5926886038603687,
                "data_source: book": 0.5637711940760027,
                "data_source: colorful_textbook": 0.5259936095368689,
                "data_source: exam_paper": 0.5676103363235631,
                "data_source: magazine": 0.6284694769303957,
                "data_source: newspaper": 0.5713463532801079,
                "data_source: note": 0.5250625557855151,
                "data_source: research_report": 0.5682955434572526,
                "fuzzy_scan": 0.5462504530468808,
                "geometric_deformation": 0.3831213644878241,
                "language: en_ch_mixed": 0.5552973476455385,
                "language: english": 0.5670013543579431,
                "language: simplified_chinese": 0.565652773586166,
                "language: traditional_chinese": 0.5727509925680841,
                "layout: 1andmore_column": 0.583628828187585,
                "layout: double_column": 0.5784652928812709,
                "layout: other_layout": 0.5614417902750906,
                "layout: single_column": 0.5621235967743262,
                "layout: three_column": 0.47072806614607254,
                "subset: equation_hard": 0.5865151830012728,
                "subset: layout_hard": 0.5016646625677686,
                "subset: table_hard": 0.579593478939411,
                "subset: v1.5": 0.5630790399164239,
                "watermark": 0.5686625053869725,
                "with_watermark": 0.6581902349921667
            },
            "TEDS": {
                "ALL": 0.8336318799620894,
                "None": 0.7825818798827433,
                "colorful_backgroud": 0.8143498003080738,
                "data_source: PPT2PDF": 0.9007222597985107,
                "data_source: academic_literature": 0.7750869848338257,
                "data_source: book": 0.8373032989296665,
                "data_source: colorful_textbook": 0.8913518645872487,
                "data_source: exam_paper": 0.9145937909841718,
                "data_source: magazine": 0.7723662440373043,
                "data_source: newspaper": 0.7982516420331655,
                "data_source: note": 0.8295868170217463,
                "data_source: research_report": 0.822445719818001,
                "fuzzy_scan": 0.959700184258716,
                "geometric_deformation": 0.8249526951517672,
                "language: en_ch_mixed": 0.8335887125048264,
                "language: english": 0.8230945582337833,
                "language: simplified_chinese": 0.8406387606569797,