{
    "text_block": {
        "all": {
            "Edit_dist": {
                "ALL_page_avg": 0.03681792385832616,
                "edit_whole": 0.04502905022620309,
                "edit_sample_avg": 0.04044144568892948
            }
        },
        "group": {
            "sample_count": {}
        },
        "page": {
            "Edit_dist": {
                "ALL": 0.036817923858326156,
                "None": 0.024463216488002724,
                "colorful_backgroud": 0.03739350880783193,
                "data_source: PPT2PDF": 0.02255114744287031,
                "data_source: academic_literature": 0.01986259634537441,
                "data_source: book": 0.034019228676095144,
                "data_source: colorful_textbook": 0.06315263433801012,
                "data_source: exam_paper": 0.04548826351311655,
                "data_source: historical_document": 0.06633449119676738,
                "data_source: magazine": 0.03766313158910973,
                "data_source: newspaper": 0.05105164658921671,
                "data_source: note": 0.05179188425484929,
                "data_source: research_report": 0.014385956902801339,
                "fuzzy_content": 0.04315624096279723,
                "fuzzy_scan": 0.041669177487171014,
                "geometric_deformation": 0.036441385629393856,
                "handwriting": 0.4469577100115075,
                "language: en_ch_mixed": 0.03691577470346278,
                "language: english": 0.025494199469706807,
                "language: other": 0.0020694528568544314,
                "language: simplified_chinese": 0.04687080221375578,
                "language: traditional_chinese": 0.12716196162115775,
                "layout: 1andmore_column": 0.025873053712633896,
                "layout: double_column": 0.028749594146007664,
                "layout: other_layout": 0.059520024484397416,
                "layout: single_column": 0.02971193506766543,
                "layout: three_column": 0.04855507521962139,
                "subset: equation_hard": 0.07313373946867226,
                "subset: layout_hard": 0.06643925957840963,
                "subset: table_hard": 0.017831830807146093,
                "subset: v1.5": 0.032761687801593734,
                "text_L-shaped_wrap": 0.07501273122933258,
                "text_O-shaped_wrap": 0.1691542288557214,
                "text_embedded_in_image": 0.10559006211180125,
                "transparent_pages": 0.07355879413504757,
                "watermark": 0.045310830991243355,
                "with_watermark": 0.042520180157128
            }
        }
    },
    "display_formula": {
        "all": {
            "Edit_dist": {
                "ALL_page_avg": 0.24898893076006332,
                "edit_whole": 0.33857454199529813,
                "edit_sample_avg": 0.22903464457047465
            }
        },
        "group": {
            "sample_count": {}
        },
        "page": {
            "Edit_dist": {
                "ALL": 0.24898893076006332,
                "None": 0.168889641287005,
                "colorful_backgroud": 0.22854549991004622,
                "data_source: PPT2PDF": 0.2525184459498212,
                "data_source: academic_literature": 0.3172881277460267,
                "data_source: book": 0.2740701640296679,
                "data_source: colorful_textbook": 0.27070265872125593,
                "data_source: exam_paper": 0.15061444191808432,
                "data_source: note": 0.39414916694187135,
                "fuzzy_content": 0.4980769230769231,
                "fuzzy_scan": 0.3946311397520343,
                "geometric_deformation": 0.24366489860299126,
                "handwriting": 0.03151248661142116,
                "language: en_ch_mixed": 0.351931330472103,
                "language: english": 0.23775027456641687,
                "language: simplified_chinese": 0.2764836350735974,
                "layout: 1andmore_column": 0.13846980414603655,
                "layout: double_column": 0.171644516122748,
                "layout: other_layout": 0.30376749854211615,
                "layout: single_column": 0.2856113608667652,
                "layout: three_column": 0.023330240818895467,
                "subset: equation_hard": 0.39916357702076255,
                "subset: layout_hard": 0.26000029268925984,
                "subset: table_hard": 0.15278044103547458,
                "subset: v1.5": 0.18329893617912035,
                "text_L-shaped_wrap": 0.14043583535108958,
                "text_O-shaped_wrap": 0.34782608695652173,
                "watermark": 0.25137932143019803,
                "with_watermark": 0.312039713836779
            }
        }
    },
    "table": {
        "all": {
            "TEDS": {
                "all": 0.8978499849244478
            },
            "TEDS_structure_only": {
                "all": 0.9391519944923266
            },
            "Edit_dist": {
                "ALL_page_avg": 0.08013335200073463,
                "edit_whole": 0.14710547047965175,
                "edit_sample_avg": 0.08116014518286081
            }
        },
        "group": {
            "sample_count": {}
        },
        "page": {
            "Edit_dist": {
                "ALL": 0.08013335200073463,
                "None": 0.08296406201298896,
                "colorful_backgroud": 0.0659592915720538,
                "data_source: PPT2PDF": 0.07156456221329784,
                "data_source: academic_literature": 0.15891546530300546,
                "data_source: book": 0.04110265173312511,
                "data_source: colorful_textbook": 0.05837637731631455,
                "data_source: exam_paper": 0.02687538931097116,
                "data_source: magazine": 0.08975145882236682,
                "data_source: newspaper": 0.1268334134550346,
                "data_source: note": 0.08596051464770352,
                "data_source: research_report": 0.06481413669738358,
                "fuzzy_scan": 0.010083149089212033,
                "geometric_deformation": 0.06994404476418865,
                "language: en_ch_mixed": 0.08162273793240983,
                "language: english": 0.12119338933760158,
                "language: simplified_chinese": 0.05711850593182232,
                "language: traditional_chinese": 0.12635873548853782,
                "layout: 1andmore_column": 0.055845034161964235,
                "layout: double_column": 0.05911644060448178,
                "layout: other_layout": 0.11823249169078255,
                "layout: single_column": 0.07970281539533004,
                "layout: three_column": 0.04139902521305077,
                "subset: equation_hard": 0.17084151556110955,
                "subset: layout_hard": 0.06305615113804719,
                "subset: table_hard": 0.1641423163515834,
                "subset: v1.5": 0.056789567777795646,
                "watermark": 0.031136255437251594,
                "with_watermark": 0.17635767414656187
            },
            "TEDS": {
                "ALL": 0.9035632747475538,
                "None": 0.9243636907726243,
                "colorful_backgroud": 0.8930783154013711,
                "data_source: PPT2PDF": 0.9690267515265171,
                "data_source: academic_literature": 0.8221790948759932,
                "data_source: book": 0.9392336404772826,
                "data_source: colorful_textbook": 0.9574540572338937,
                "data_source: exam_paper": 0.9627779342658249,
                "data_source: magazine": 0.8221103712842946,
                "data_source: newspaper": 0.8511446239316901,
                "data_source: note": 0.8637251682537613,
                "data_source: research_report": 0.9141916045718926,
                "fuzzy_scan": 0.9845811366396683,
                "geometric_deformation": 0.9916193618184338,
                "language: en_ch_mixed": 0.9152903498948687,
                "language: english": 0.866999647940198,