{
    "text_block": {
        "all": {
            "Edit_dist": {
                "ALL_page_avg": 0.04280220751979418,
                "edit_whole": 0.049698140250830816,
                "edit_sample_avg": 0.04410409958426178
            }
        },
        "group": {
            "sample_count": {}
        },
        "page": {
            "Edit_dist": {
                "ALL": 0.04280220751979418,
                "None": 0.024569945328728998,
                "colorful_backgroud": 0.043713877419425354,
                "data_source: PPT2PDF": 0.02255114744287031,
                "data_source: academic_literature": 0.01986259634537441,
                "data_source: book": 0.03838095991225546,
                "data_source: colorful_textbook": 0.06946797845403431,
                "data_source: exam_paper": 0.04981632280014836,
                "data_source: historical_document": 0.06633449119676738,
                "data_source: magazine": 0.0422267451545604,
                "data_source: newspaper": 0.0514827841452485,
                "data_source: note": 0.05179188425484929,
                "data_source: research_report": 0.06748340758431019,
                "fuzzy_content": 0.04315624096279723,
                "fuzzy_scan": 0.03981273171440923,
                "geometric_deformation": 0.036441385629393856,
                "handwriting": 0.4469577100115075,
                "language: en_ch_mixed": 0.03691577470346278,
                "language: english": 0.028436744239976566,
                "language: other": 0.0020694528568544314,
                "language: simplified_chinese": 0.05700751428567191,
                "language: traditional_chinese": 0.12716196162115775,
                "layout: 1andmore_column": 0.0302860148643452,
                "layout: double_column": 0.03088551008998597,
                "layout: other_layout": 0.06546242216194233,
                "layout: single_column": 0.03728087774793771,
                "layout: three_column": 0.04855507521962139,
                "subset: equation_hard": 0.07087390586457637,
                "subset: layout_hard": 0.06643925957840963,
                "subset: table_hard": 0.07580284529989971,
                "subset: v1.5": 0.03705636517270581,
                "text_L-shaped_wrap": 0.07501273122933258,
                "text_O-shaped_wrap": 0.1691542288557214,
                "text_embedded_in_image": 0.10559006211180125,
                "transparent_pages": 0.07355879413504757,
                "watermark": 0.04451521137434545,
                "with_watermark": 0.042520180157128
            }
        }
    },
    "display_formula": {
        "all": {
            "Edit_dist": {
                "ALL_page_avg": 0.24949719739257775,
                "edit_whole": 0.33862489486963837,
                "edit_sample_avg": 0.22908600909538093
            }
        },
        "group": {
            "sample_count": {}
        },
        "page": {
            "Edit_dist": {
                "ALL": 0.24949719739257775,
                "None": 0.168889641287005,
                "colorful_backgroud": 0.22854549991004622,
                "data_source: PPT2PDF": 0.2525184459498212,
                "data_source: academic_literature": 0.3172881277460267,
                "data_source: book": 0.2756426134744478,
                "data_source: colorful_textbook": 0.27070265872125593,
                "data_source: exam_paper": 0.15129441883395656,
                "data_source: note": 0.39414916694187135,
                "fuzzy_content": 0.4980769230769231,
                "fuzzy_scan": 0.3623715784682941,
                "geometric_deformation": 0.24366489860299126,
                "handwriting": 0.03151248661142116,
                "language: en_ch_mixed": 0.351931330472103,
                "language: english": 0.2385819940415957,
                "language: simplified_chinese": 0.2759932907356399,
                "layout: 1andmore_column": 0.1376272796362326,
                "layout: double_column": 0.17269008929580876,
                "layout: other_layout": 0.30376749854211615,
                "layout: single_column": 0.28646851264269363,
                "layout: three_column": 0.023330240818895467,
                "subset: equation_hard": 0.3997242465243258,
                "subset: layout_hard": 0.26000029268925984,
                "subset: table_hard": 0.15278044103547458,
                "subset: v1.5": 0.1834109440084431,
                "text_L-shaped_wrap": 0.14043583535108958,
                "text_O-shaped_wrap": 0.34782608695652173,
                "watermark": 0.24937421164165752,
                "with_watermark": 0.312039713836779
            }
        }
    },
    "table": {
        "all": {
            "TEDS": {
                "all": 0.8364188237906153
            },
            "TEDS_structure_only": {
                "all": 0.8804184629196207
            },
            "Edit_dist": {
                "ALL_page_avg": 0.5627909788126411,
                "edit_whole": 0.6258795005355657,
                "edit_sample_avg": 0.5646290792556392
            }
        },
        "group": {
            "sample_count": {}
        },
        "page": {
            "Edit_dist": {
                "ALL": 0.5627909788126411,
                "None": 0.5915427889633016,
                "colorful_backgroud": 0.5675117161762581,
                "data_source: PPT2PDF": 0.5186807211310865,
                "data_source: academic_literature": 0.5930807902292783,
                "data_source: book": 0.563689384043068,
                "data_source: colorful_textbook": 0.5258867959562754,
                "data_source: exam_paper": 0.5652721964447626,
                "data_source: magazine": 0.6284694769303957,
                "data_source: newspaper": 0.5705746849545048,
                "data_source: note": 0.5317619000903927,
                "data_source: research_report": 0.5577723542026185,
                "fuzzy_scan": 0.5462504530468808,
                "geometric_deformation": 0.3831213644878241,
                "language: en_ch_mixed": 0.5551741012063921,
                "language: english": 0.5672236760144076,
                "language: simplified_chinese": 0.5607436001484337,
                "language: traditional_chinese": 0.5793057784915652,
                "layout: 1andmore_column": 0.5840021513420988,
                "layout: double_column": 0.5764318195098257,
                "layout: other_layout": 0.5606906904722269,
                "layout: single_column": 0.5581767668997359,
                "layout: three_column": 0.47072806614607254,
                "subset: equation_hard": 0.5865151830012728,
                "subset: layout_hard": 0.5016646625677686,
                "subset: table_hard": 0.5666177131679684,
                "subset: v1.5": 0.5629914599782109,
                "watermark": 0.5686625053869725,
                "with_watermark": 0.6581902349921667
            },
            "TEDS": {
                "ALL": 0.8361835802923938,
                "None": 0.6997838286964569,
                "colorful_backgroud": 0.813692840080801,
                "data_source: PPT2PDF": 0.9007222597985107,
                "data_source: academic_literature": 0.7756051880133733,
                "data_source: book": 0.8375830394262479,
                "data_source: colorful_textbook": 0.8905411148130843,
                "data_source: exam_paper": 0.9173207514873284,
                "data_source: magazine": 0.7741519583230186,
                "data_source: newspaper": 0.7717141172100805,
                "data_source: note": 0.8138567112953887,
                "data_source: research_report": 0.8363667400607304,
                "fuzzy_scan": 0.959700184258716,
                "geometric_deformation": 0.8249526951517672,
                "language: en_ch_mixed": 0.8326532319961751,
                "language: english": 0.8208713183359819,
                "language: simplified_chinese": 0.84638352799082,