{
    "text_block": {
        "all": {
            "Edit_dist": {
                "ALL_page_avg": 0.07666987602371936,
                "edit_whole": 0.0791063380956947,
                "edit_sample_avg": 0.024262815271486198
            }
        },
        "group": {
            "sample_count": {}
        },
        "page": {
            "Edit_dist": {
                "ALL": 0.07666987602371936,
                "None": 0.33910221741481883,
                "data_source: PPT2PDF": 0.0,
                "data_source: academic_literature": 0.0,
                "data_source: book": 0.33910221741481883,
                "data_source: exam_paper": 0.012795275590551181,
                "data_source: newspaper": 0.031451887113226794,
                "language: english": 0.07666987602371936,
                "layout: double_column": 0.0,
                "layout: single_column": 0.11729916433512333,
                "layout: three_column": 0.031451887113226794,
                "subset: v1.5": 0.07666987602371936,
                "watermark": 0.0
            }
        }
    },
    "display_formula": {
        "all": {
            "Edit_dist": {
                "ALL_page_avg": 0.11025641025641025,
                "edit_whole": 0.112,
                "edit_sample_avg": 0.11025641025641025
            }
        },
        "group": {
            "sample_count": {}
        },
        "page": {
            "Edit_dist": {
                "ALL": 0.11025641025641025,
                "None": 0.06666666666666667,
                "data_source: academic_literature": 0.15384615384615385,
                "data_source: book": 0.06666666666666667,
                "language: english": 0.11025641025641025,
                "layout: double_column": 0.15384615384615385,
                "layout: single_column": 0.06666666666666667,
                "subset: v1.5": 0.11025641025641025
            }
        }
    },
    "table": {
        "all": {
            "TEDS": {
                "all": 0.9968914194628802
            },
            "TEDS_structure_only": {
                "all": 1.0
            },
            "Edit_dist": {
                "ALL_page_avg": 0.43382793462000724,
                "edit_whole": 0.4298023314749113,
                "edit_sample_avg": 0.42558281516199675
            }
        },
        "group": {
            "sample_count": {}
        },
        "page": {
            "Edit_dist": {
                "ALL": 0.43382793462000724,
                "data_source: academic_literature": 0.4292997048564529,
                "data_source: exam_paper": 0.4383561643835616,
                "language: english": 0.43382793462000724,
                "layout: double_column": 0.4292997048564529,
                "layout: single_column": 0.4383561643835616,
                "subset: v1.5": 0.43382793462000724
            },
            "TEDS": {
                "ALL": 0.9976685645971601,
                "data_source: academic_literature": 0.9953371291943202,
                "data_source: exam_paper": 1.0,
                "language: english": 0.9976685645971601,
                "layout: double_column": 0.9953371291943202,
                "layout: single_column": 1.0,
                "subset: v1.5": 0.9976685645971601
            },
            "TEDS_structure_only": {
                "ALL": 1.0,
                "data_source: academic_literature": 1.0,
                "data_source: exam_paper": 1.0,
                "language: english": 1.0,
                "layout: double_column": 1.0,
                "layout: single_column": 1.0,
                "subset: v1.5": 1.0
            }
        }
    },
    "reading_order": {
        "all": {
            "Edit_dist": {
                "ALL_page_avg": 0.0,
                "edit_whole": 0.0,
                "edit_sample_avg": 0.0
            }
        },
        "group": {
            "sample_count": {}
        },
        "page": {
            "Edit_dist": {
                "ALL": 0.0,
                "None": 0.0,
                "data_source: PPT2PDF": 0.0,
                "data_source: academic_literature": 0.0,
                "data_source: book": 0.0,
                "data_source: exam_paper": 0.0,
                "data_source: newspaper": 0.0,
                "language: english": 0.0,
                "layout: double_column": 0.0,
                "layout: single_column": 0.0,
                "layout: three_column": 0.0,
                "subset: v1.5": 0.0,
                "watermark": 0.0
            }
        }
    }
}