{
    "text_block": {
        "all": {
            "Edit_dist": {
                "ALL_page_avg": 0.07088844278204243,
                "edit_whole": 0.050699285559644945,
                "edit_sample_avg": 0.06445793262394271
            }
        },
        "group": {
            "sample_count": {}
        },
        "page": {
            "Edit_dist": {
                "ALL": 0.07088844278204244,
                "None": 0.03543178060836324,
                "colorful_backgroud": 0.09186282579448127,
                "data_source: PPT2PDF": 0.06762540907884215,
                "data_source: academic_literature": 0.03919876340246701,
                "data_source: book": 0.029562780569767248,
                "data_source: colorful_textbook": 0.06799586443679273,
                "data_source: exam_paper": 0.12104274247880961,
                "data_source: historical_document": 0.1724137931034483,
                "data_source: magazine": 0.02663539778474964,
                "data_source: newspaper": 0.0590523668004679,
                "data_source: note": 0.022437658537419337,
                "data_source: research_report": 0.2917580569482078,
                "fuzzy_scan": 0.5025125628140703,
                "geometric_deformation": 0.006756756756756757,
                "language: en_ch_mixed": 0.052670673522255934,
                "language: english": 0.033810222229330215,
                "language: simplified_chinese": 0.11010089793041243,
                "language: traditional_chinese": 0.1724137931034483,
                "layout: 1andmore_column": 0.06874104181296561,
                "layout: double_column": 0.04314128883563101,
                "layout: other_layout": 0.0633452889526527,
                "layout: single_column": 0.08397162976579037,
                "layout: three_column": 0.031119780855380596,
                "subset: equation_hard": 0.006343259425803692,
                "subset: layout_hard": 0.04493743822571909,
                "subset: table_hard": 0.23222757331799887,
                "subset: v1.5": 0.06533730572525809,
                "watermark": 0.22444806276738202,
                "with_watermark": 0.0
            }
        }
    },
    "display_formula": {
        "all": {
            "Edit_dist": {
                "ALL_page_avg": 0.2724425851219609,
                "edit_whole": 0.35477045711755156,
                "edit_sample_avg": 0.19334508733913855
            }
        },
        "group": {
            "sample_count": {}
        },
        "page": {
            "Edit_dist": {
                "ALL": 0.2724425851219609,
                "None": 0.2053244532275701,
                "colorful_backgroud": 0.2643821391484943,
                "data_source: PPT2PDF": 0.312052683093487,
                "data_source: academic_literature": 0.4513353803747806,
                "data_source: book": 0.2710826265953463,
                "data_source: colorful_textbook": 0.24382778442989617,
                "data_source: exam_paper": 0.16867230297364788,
                "data_source: note": 0.1956521739130435,
                "language: english": 0.2835159769766247,
                "language: simplified_chinese": 0.2525104797835661,
                "layout: 1andmore_column": 0.1412521278607906,
                "layout: double_column": 0.1818913804232395,
                "layout: other_layout": 0.3698224852071006,
                "layout: single_column": 0.3248504973720276,
                "layout: three_column": 0.03740840725028924,
                "subset: equation_hard": 0.4912909670721627,
                "subset: layout_hard": 0.09866666666666667,
                "subset: table_hard": 0.3698224852071006,
                "subset: v1.5": 0.223973733151444,
                "watermark": 0.2945091514143095,
                "with_watermark": 0.3698224852071006
            }
        }
    },
    "table": {
        "all": {
            "TEDS": {
                "all": 0.8658806966283296
            },
            "TEDS_structure_only": {
                "all": 0.9112273290406737
            },
            "Edit_dist": {
                "ALL_page_avg": 0.5683769872013156,
                "edit_whole": 0.6322432622973123,
                "edit_sample_avg": 0.5718283386801507
            }
        },
        "group": {
            "sample_count": {}
        },
        "page": {
            "Edit_dist": {
                "ALL": 0.5683769872013157,
                "None": 0.6120996441281139,
                "colorful_backgroud": 0.5248656608729457,
                "data_source: PPT2PDF": 0.5473679550233539,
                "data_source: academic_literature": 0.604241267730996,
                "data_source: book": 0.5906844539420106,
                "data_source: colorful_textbook": 0.47875951210573187,
                "data_source: exam_paper": 0.5209237448430533,
                "data_source: note": 0.4975887056471764,
                "data_source: research_report": 0.5787798403767357,
                "geometric_deformation": 0.3435374149659864,
                "language: en_ch_mixed": 0.5026132991637443,
                "language: english": 0.5688674118034694,
                "language: simplified_chinese": 0.5733634444671152,
                "layout: 1andmore_column": 0.5844481318902547,
                "layout: double_column": 0.562645412243711,
                "layout: other_layout": 0.5937809760208124,
                "layout: single_column": 0.5619432053566118,
                "subset: layout_hard": 0.45425867507886436,
                "subset: table_hard": 0.6028949030828598,
                "subset: v1.5": 0.5620368926590109,
                "watermark": 0.6455331412103746,
                "with_watermark": 0.6646738174784597
            },
            "TEDS": {
                "ALL": 0.8706002777741302,
                "None": 0.9216269841269842,
                "colorful_backgroud": 0.9391549328124501,
                "data_source: PPT2PDF": 0.9717951224868446,
                "data_source: academic_literature": 0.8038556407475771,
                "data_source: book": 0.8620770696977165,
                "data_source: colorful_textbook": 0.9835832194899818,
                "data_source: exam_paper": 0.9169407894736842,
                "data_source: note": 0.6133562415271465,
                "data_source: research_report": 0.8947887610969271,
                "geometric_deformation": 0.9356196760178199,
                "language: en_ch_mixed": 0.8762079678362573,
                "language: english": 0.8840092029477357,
                "language: simplified_chinese": 0.862642664471941,
                "layout: 1andmore_column": 0.8492749591694212,
                "layout: double_column": 0.9586917530544982,
                "layout: other_layout": 0.7940754573315196,
                "layout: single_column": 0.879492286147853,
                "subset: layout_hard": 1.0,
                "subset: table_hard": 0.7588730598871334,
                "subset: v1.5": 0.8988630274114561,
                "watermark": 1.0,
                "with_watermark": 0.5400201529128233
            },
            "TEDS_structure_only": {
                "ALL": 0.9118425938314754,
                "None": 1.0,
                "colorful_backgroud": 0.9814814814814815,
                "data_source: PPT2PDF": 1.0,
                "data_source: academic_literature": 0.8629043783207455,
                "data_source: book": 0.8984447945845004,
                "data_source: colorful_textbook": 1.0,
                "data_source: exam_paper": 0.9722222222222222,
                "data_source: note": 0.6416666666666666,
                "data_source: research_report": 0.93269330575505,
                "geometric_deformation": 0.9523809523809523,
                "language: en_ch_mixed": 1.0,
                "language: english": 0.9219362239845433,
                "language: simplified_chinese": 0.8991375684522752,
                "layout: 1andmore_column": 0.8916599025974027,