{
    "text_block": {
        "all": {
            "Edit_dist": {
                "ALL_page_avg": 0.03476919799729467,
                "edit_whole": 0.037308246903285214,
                "edit_sample_avg": 0.034758763963200864
            }
        },
        "group": {
            "sample_count": {}
        },
        "page": {
            "Edit_dist": {
                "ALL": 0.034769197997294665,
                "None": 0.01893875504404792,
                "colorful_backgroud": 0.047615536724184615,
                "data_source: PPT2PDF": 0.021831682153203115,
                "data_source: academic_literature": 0.019144172436405132,
                "data_source: book": 0.010369612118990852,
                "data_source: colorful_textbook": 0.0603313522339446,
                "data_source: exam_paper": 0.03726649021593908,
                "data_source: historical_document": 0.04086021505376344,
                "data_source: magazine": 0.018724676794191764,
                "data_source: newspaper": 0.05537340188476232,
                "data_source: note": 0.02621724855077461,
                "data_source: research_report": 0.11816632562613599,
                "fuzzy_scan": 0.002512562814070352,
                "geometric_deformation": 0.0,
                "language: en_ch_mixed": 0.03412958056742295,
                "language: english": 0.020813217274714725,
                "language: simplified_chinese": 0.049156077177023624,
                "language: traditional_chinese": 0.04086021505376344,
                "layout: 1andmore_column": 0.01167509162534541,
                "layout: double_column": 0.032733779440434124,
                "layout: other_layout": 0.045497043181095966,
                "layout: single_column": 0.035345218763002534,
                "layout: three_column": 0.02940021072955684,
                "subset: equation_hard": 0.012039609935570383,
                "subset: layout_hard": 0.02869996626934377,
                "subset: table_hard": 0.1252927400468384,
                "subset: v1.5": 0.030225073077066265,
                "watermark": 0.05357372921266194,
                "with_watermark": 0.0
            }
        }
    },
    "display_formula": {
        "all": {
            "Edit_dist": {
                "ALL_page_avg": 0.22539650451073753,
                "edit_whole": 0.3491253283116111,
                "edit_sample_avg": 0.19282073220274895
            }
        },
        "group": {
            "sample_count": {}
        },
        "page": {
            "Edit_dist": {
                "ALL": 0.22539650451073756,
                "None": 0.18579575409315915,
                "colorful_backgroud": 0.14343839407157263,
                "data_source: PPT2PDF": 0.1701506324522827,
                "data_source: academic_literature": 0.40449886719643763,
                "data_source: book": 0.24514268235630055,
                "data_source: colorful_textbook": 0.2175132818626639,
                "data_source: exam_paper": 0.1438575887671168,
                "data_source: note": 0.11904761904761904,
                "language: english": 0.2735487446355612,
                "language: simplified_chinese": 0.13872247228605494,
                "layout: 1andmore_column": 0.18286825063470216,
                "layout: double_column": 0.1333071119800581,
                "layout: other_layout": 0.1912751677852349,
                "layout: single_column": 0.2694319879088486,
                "layout: three_column": 0.10447200300638858,
                "subset: equation_hard": 0.5003360994216546,
                "subset: layout_hard": 0.09866666666666667,
                "subset: table_hard": 0.1912751677852349,
                "subset: v1.5": 0.16759427594002269,
                "watermark": 0.2764505119453925,
                "with_watermark": 0.1912751677852349
            }
        }
    },
    "table": {
        "all": {
            "TEDS": {
                "all": 0.9050776045603011
            },
            "TEDS_structure_only": {
                "all": 0.962916027132494
            },
            "Edit_dist": {
                "ALL_page_avg": 0.0703798791128727,
                "edit_whole": 0.11828233479043455,
                "edit_sample_avg": 0.06504417800184625
            }
        },
        "group": {
            "sample_count": {}
        },
        "page": {
            "Edit_dist": {
                "ALL": 0.07037987911287269,
                "None": 0.06996587030716724,
                "colorful_backgroud": 0.03365543618883976,
                "data_source: PPT2PDF": 0.06191758271131613,
                "data_source: academic_literature": 0.13524851601003884,
                "data_source: book": 0.010738649170976746,
                "data_source: colorful_textbook": 0.0360540278647649,
                "data_source: exam_paper": 0.03245614035087719,
                "data_source: note": 0.1799778298715223,
                "data_source: research_report": 0.06463209233972302,
                "geometric_deformation": 0.1398880895283773,
                "language: en_ch_mixed": 0.07128170745334673,
                "language: english": 0.07310432597053894,
                "language: simplified_chinese": 0.06878204260534167,
                "layout: 1andmore_column": 0.05350325844331475,
                "layout: double_column": 0.07441860465116279,
                "layout: other_layout": 0.12282604122991758,
                "layout: single_column": 0.06635910754296194,
                "subset: layout_hard": 0.0,
                "subset: table_hard": 0.17090785272406384,
                "subset: v1.5": 0.043464657068103416,
                "watermark": 0.0,
                "with_watermark": 0.3543221393034826
            },
            "TEDS": {
                "ALL": 0.9048100421566122,
                "None": 0.9216269841269842,
                "colorful_backgroud": 0.9321526179976353,
                "data_source: PPT2PDF": 0.9717951224868446,
                "data_source: academic_literature": 0.8603231198658715,
                "data_source: book": 0.9540424467050009,
                "data_source: colorful_textbook": 0.9070207194899818,
                "data_source: exam_paper": 0.944718567251462,
                "data_source: note": 0.5911172355772636,
                "data_source: research_report": 0.9170762076739714,
                "geometric_deformation": 0.9832387236368676,
                "language: en_ch_mixed": 0.8746454678362573,
                "language: english": 0.921402191367388,
                "language: simplified_chinese": 0.8979316045442062,
                "layout: 1andmore_column": 0.9316947625081188,
                "layout: double_column": 0.923751297458603,
                "layout: other_layout": 0.8340554546779322,
                "layout: single_column": 0.9077006461980501,
                "subset: layout_hard": 1.0,
                "subset: table_hard": 0.8055413934770507,
                "subset: v1.5": 0.9305593286170207,
                "watermark": 1.0,
                "with_watermark": 0.5685250976481346
            },
            "TEDS_structure_only": {
                "ALL": 0.9563855770936736,
                "None": 1.0,
                "colorful_backgroud": 0.975,
                "data_source: PPT2PDF": 1.0,
                "data_source: academic_literature": 0.9312093708114363,
                "data_source: book": 1.0,
                "data_source: colorful_textbook": 0.925,
                "data_source: exam_paper": 1.0,
                "data_source: note": 0.6818181818181819,
                "data_source: research_report": 0.9652079963546661,
                "geometric_deformation": 1.0,
                "language: en_ch_mixed": 1.0,
                "language: english": 0.9704932342650932,
                "language: simplified_chinese": 0.9449961352451726,
                "layout: 1andmore_column": 0.9862362362362362,
                "layout: double_column": 0.9576612903225806,