{
    "text_block": {
        "all": {
            "Edit_dist": {
                "ALL_page_avg": 0.035503401271710526,
                "edit_whole": 0.03762094306289256,
                "edit_sample_avg": 0.034921991434356744
            }
        },
        "group": {
            "sample_count": {}
        },
        "page": {
            "Edit_dist": {
                "ALL": 0.035503401271710526,
                "None": 0.024578408803444748,
                "colorful_backgroud": 0.04687692662716326,
                "data_source: PPT2PDF": 0.021380840732165837,
                "data_source: academic_literature": 0.019380885803686403,
                "data_source: book": 0.02257996635588928,
                "data_source: colorful_textbook": 0.059445219183466826,
                "data_source: exam_paper": 0.032403171494161574,
                "data_source: historical_document": 0.015086206896551725,
                "data_source: magazine": 0.018685265660266008,
                "data_source: newspaper": 0.05586066752067416,
                "data_source: note": 0.020799656899417696,
                "data_source: research_report": 0.11816632562613599,
                "fuzzy_scan": 0.002512562814070352,
                "geometric_deformation": 0.0,
                "language: en_ch_mixed": 0.03315612077842842,
                "language: english": 0.023264264184395124,
                "language: simplified_chinese": 0.048774116374484186,
                "language: traditional_chinese": 0.015086206896551725,
                "layout: 1andmore_column": 0.0112911941423553,
                "layout: double_column": 0.03289407707462786,
                "layout: other_layout": 0.04486916102626369,
                "layout: single_column": 0.03303304720444206,
                "layout: three_column": 0.08780151964351188,
                "subset: equation_hard": 0.006343259425803692,
                "subset: layout_hard": 0.021366715155790326,
                "subset: table_hard": 0.125,
                "subset: v1.5": 0.03205818508557541,
                "watermark": 0.052053972373756155,
                "with_watermark": 0.0
            }
        }
    },
    "display_formula": {
        "all": {
            "Edit_dist": {
                "ALL_page_avg": 0.23402538822692012,
                "edit_whole": 0.34182184197282334,
                "edit_sample_avg": 0.1740098495302285
            }
        },
        "group": {
            "sample_count": {}
        },
        "page": {
            "Edit_dist": {
                "ALL": 0.23402538822692012,
                "None": 0.19436130392624348,
                "colorful_backgroud": 0.16952535059331175,
                "data_source: PPT2PDF": 0.23277018814332412,
                "data_source: academic_literature": 0.4207715580990815,
                "data_source: book": 0.23074450968899868,
                "data_source: colorful_textbook": 0.2265426015971224,
                "data_source: exam_paper": 0.14556038231557153,
                "data_source: note": 0.1590909090909091,
                "language: english": 0.2754401292069353,
                "language: simplified_chinese": 0.15947885446289295,
                "layout: 1andmore_column": 0.1888280280542937,
                "layout: double_column": 0.1333071119800581,
                "layout: other_layout": 0.2571428571428571,
                "layout: single_column": 0.2825767801346454,
                "layout: three_column": 0.03168724279835391,
                "subset: equation_hard": 0.48396556340349095,
                "subset: layout_hard": 0.104,
                "subset: table_hard": 0.2571428571428571,
                "subset: v1.5": 0.179606676009212,
                "watermark": 0.2945091514143095,
                "with_watermark": 0.2571428571428571
            }
        }
    },
    "table": {
        "all": {
            "TEDS": {
                "all": 0.9131349723266823
            },
            "TEDS_structure_only": {
                "all": 0.960961094469552
            },
            "Edit_dist": {
                "ALL_page_avg": 0.061861730638167925,
                "edit_whole": 0.13480223842433628,
                "edit_sample_avg": 0.057927120527706245
            }
        },
        "group": {
            "sample_count": {}
        },
        "page": {
            "Edit_dist": {
                "ALL": 0.061861730638167925,
                "None": 0.035398230088495575,
                "colorful_backgroud": 0.03339004340752341,
                "data_source: PPT2PDF": 0.055004054667581806,
                "data_source: academic_literature": 0.13579657511998985,
                "data_source: book": 0.010328813105402975,
                "data_source: colorful_textbook": 0.03525784952081586,
                "data_source: exam_paper": 0.03245614035087719,
                "data_source: note": 0.12350079049228588,
                "data_source: research_report": 0.04628810549764831,
                "geometric_deformation": 0.1398880895283773,
                "language: en_ch_mixed": 0.07048552910939769,
                "language: english": 0.07099863771394634,
                "language: simplified_chinese": 0.05605515879803364,
                "layout: 1andmore_column": 0.038033239882817156,
                "layout: double_column": 0.04152823920265781,
                "layout: other_layout": 0.12252998270702292,
                "layout: single_column": 0.05982603819429568,
                "subset: layout_hard": 0.0,
                "subset: table_hard": 0.15946313600678447,
                "subset: v1.5": 0.035521378454962095,
                "watermark": 0.0,
                "with_watermark": 0.3541666666666667
            },
            "TEDS": {
                "ALL": 0.9167421488310098,
                "None": 0.9216269841269842,
                "colorful_backgroud": 0.9326734513309686,
                "data_source: PPT2PDF": 0.9717951224868446,
                "data_source: academic_literature": 0.8643373593284779,
                "data_source: book": 0.9547526739777282,
                "data_source: colorful_textbook": 0.9085832194899818,
                "data_source: exam_paper": 0.944718567251462,
                "data_source: note": 0.6954807186039194,
                "data_source: research_report": 0.9384902471514,
                "geometric_deformation": 0.9832387236368676,
                "language: en_ch_mixed": 0.8762079678362573,
                "language: english": 0.9239619976802768,
                "language: simplified_chinese": 0.9159417679550004,
                "layout: 1andmore_column": 0.9421004190357989,
                "layout: double_column": 0.9642181597178053,
                "layout: other_layout": 0.8348722189927331,
                "layout: single_column": 0.9195138066362091,
                "subset: layout_hard": 1.0,
                "subset: table_hard": 0.8284605556740394,
                "subset: v1.5": 0.9396865516453239,
                "watermark": 1.0,
                "with_watermark": 0.5688159644311479
            },
            "TEDS_structure_only": {
                "ALL": 0.9587835277928802,
                "None": 1.0,
                "colorful_backgroud": 0.975,
                "data_source: PPT2PDF": 1.0,
                "data_source: academic_literature": 0.9274293357773529,
                "data_source: book": 1.0,
                "data_source: colorful_textbook": 0.925,
                "data_source: exam_paper": 1.0,
                "data_source: note": 0.7272727272727273,
                "data_source: research_report": 0.9689741057242238,
                "geometric_deformation": 1.0,
                "language: en_ch_mixed": 1.0,
                "language: english": 0.9680632117431823,
                "language: simplified_chinese": 0.9502895870041417,
                "layout: 1andmore_column": 0.9889719264719264,
                "layout: double_column": 0.9919678714859438,